Wall time,Step,Value
1588901725.216332,0,0.8554785251617432
1588902882.99801,10,0.8970873951911926
1588904603.999192,20,0.9065186977386475
1588906880.817597,30,0.9020804166793823
1588909409.72474,40,0.9012482762336731
1588912507.260718,50,0.9015256762504578
1588915155.84469,60,0.9026352167129517
1588918784.337107,70,0.9026352167129517
1588921950.675004,80,0.902357816696167
1588924861.707924,90,0.9015256762504578
1588927697.757793,100,0.9020804166793823
1588930281.516862,110,0.9042995572090149
1588932259.904523,120,0.9056865572929382
1588934395.729856,130,0.904022216796875
1588936676.586886,140,0.9029126167297363
1588938911.566902,150,0.9020804166793823
1588940856.91202,160,0.9034674167633057
1588942763.462148,170,0.904022216796875
1588944652.368457,180,0.903190016746521
1588946656.226962,190,0.9034674167633057
1588948403.445146,200,0.9042995572090149
1588950105.065237,210,0.9034674167633057
1588951874.446177,220,0.9034674167633057
1588953239.453078,230,0.9042995572090149
1588954826.227294,240,0.9048543572425842
1588956515.869348,250,0.9048543572425842
1588957991.964446,260,0.9051317572593689
1588959642.408413,270,0.9048543572425842
1588961111.546024,280,0.9054091572761536
1588962807.094939,290,0.9059639573097229
1588964695.47391,300,0.9051317572593689
1588966095.200801,310,0.9054091572761536
1588967705.543619,320,0.9054091572761536
1588969296.443218,330,0.9037448167800903
1588970816.094346,340,0.9067960977554321
1588972355.547261,350,0.9062413573265076
1588974006.534334,360,0.9054091572761536
1588975584.787973,370,0.9045769572257996
1588977302.487443,380,0.9070734977722168
1588978795.532243,390,0.904022216796875
1588980184.491356,400,0.9054091572761536
1588981669.603707,410,0.9045769572257996
1588983426.010585,420,0.9070734977722168
1588985016.731313,430,0.9084604978561401
1588986923.630411,440,0.910402238368988
1588988594.082743,450,0.9073508977890015
1588990064.153812,460,0.9098474383354187
1588991811.796344,470,0.9073508977890015
1588993271.061698,480,0.9084604978561401
1588994744.97312,490,0.9079056978225708
1588996170.27816,500,0.9070734977722168
1588997530.230109,510,0.9106796383857727
1588999125.001721,520,0.9112343788146973
1589000645.414254,530,0.9109569787979126
1589002252.162172,540,0.9081830978393555
1589003584.091414,550,0.9106796383857727
1589005455.551726,560,0.910402238368988
1589006857.145635,570,0.9109569787979126
1589008253.578593,580,0.9120665788650513
1589009791.516032,590,0.9106796383857727
